train_start,train_end,test_start,test_end,total_return,annualized_return,annualized_volatility,sharpe_ratio,max_drawdown,cumulative_nav,turnover,cost_fraction
2010-01-05,2011-01-03,2011-01-06,2011-02-04,0.013170560458078517,0.1700131553633586,0.07215785429366052,2.2127185303745605,-0.01469592729744662,1.0131705604580785,0.5,0.0009999999999999998
2010-02-08,2011-02-04,2011-02-09,2011-03-10,-0.004802069791670527,-0.05612698631595758,0.10968608104879952,-0.47159338617379326,-0.020582297991990517,0.9951979302083295,0.012003459820856037,2.4010461672952454e-05
2010-03-12,2011-03-10,2011-03-15,2011-04-12,0.016184816222883924,0.21247395130096258,0.0968891793129524,2.037609454704339,-0.012808437869935463,1.016184816222884,0.010417552237982497,2.0835001990503048e-05
2010-04-15,2011-04-12,2011-04-15,2011-05-16,-0.017231059910239432,-0.18825977332856902,0.13314505469176613,-1.499030182053946,-0.05291742993037063,0.9827689400897606,0.007469836891645819,1.4935281460636687e-05
2010-05-18,2011-05-16,2011-05-19,2011-06-17,-0.027898019972011467,-0.28789844734746994,0.11409886627472882,-2.9165332071886683,-0.04377913705562253,0.9721019800279885,0.010287002591004565,2.0573311316059413e-05
2010-06-21,2011-06-17,2011-06-22,2011-07-21,0.030746191238818277,0.4382052319814955,0.09426760081136278,3.9048901059277967,-0.017749376786819537,1.0307461912388183,0.002694474654094264,5.386630988137532e-06
2010-07-23,2011-07-21,2011-07-26,2011-08-23,-0.09701021887070294,-0.7061037621719418,0.29980797274166976,-3.9231494176527772,-0.11821103898157193,0.9029897811292971,0.006874350914909479,1.374834685081114e-05
2010-08-25,2011-08-23,2011-08-26,2011-09-26,-0.03167684661327763,-0.32041498235985666,0.19093336222757154,-1.9256463257362464,-0.07815603143163319,0.9683231533867224,0.008942717482802308,1.7884933806358458e-05
2010-09-28,2011-09-26,2011-09-29,2011-10-27,0.0804932279661319,1.5320051882219734,0.19114950212924933,4.964502192827953,-0.033817159692922316,1.080493227966132,0.01394753611823349,2.7892926739610233e-05
2010-10-29,2011-10-27,2011-11-01,2011-11-30,-0.0031193532065401097,-0.03679666533031867,0.20552689580169914,-0.07978967200636311,-0.06388099536317304,0.9968806467934599,0.0041743777062388295,8.34381464513378e-06
2010-12-02,2011-11-30,2011-12-05,2012-01-04,0.006502522675410738,0.08088231910860477,0.1486630062692768,0.5975232707186837,-0.03790602372567309,1.0065025226754107,0.0017313345678013911,3.4607405584586625e-06
2011-01-05,2012-01-04,2012-01-09,2012-02-07,0.04481273238304806,0.6922381311992287,0.06114673376420554,8.64258517660222,-0.007320724939605561,1.044812732383048,0.002374047750007149,4.748956489847748e-06
2011-02-08,2012-02-07,2012-02-10,2012-03-12,0.003638563742371703,0.044547233544851794,0.08381657951613228,0.5620147702807433,-0.025525605187364575,1.0036385637423717,0.0006900933907612639,1.371547649877934e-06
2011-03-14,2012-03-12,2012-03-15,2012-04-13,-0.02018432476977694,-0.21705258067929667,0.09750159257324834,-2.459586249394067,-0.03517341415129627,0.9798156752302231,0.003269906330503058,6.534299528695275e-06
2011-04-14,2012-04-13,2012-04-18,2012-05-16,-0.040053219705312615,-0.38769772132229985,0.06829523411994723,-7.141300753563775,-0.04457272317440164,0.9599467802946874,0.0027255830691078013,5.447312241983349e-06
2011-05-18,2012-05-16,2012-05-21,2012-06-19,0.026273425565691122,0.36507653241498583,0.10628297141333463,2.983139079471726,-0.02632516511489813,1.0262734255656911,0.002491449022550111,4.977798525971119e-06
2011-06-21,2012-06-19,2012-06-22,2012-07-23,0.017134388818770274,0.22613998200296148,0.09844869558122803,2.1207218530945617,-0.018891400945497017,1.0171343888187703,0.0010475618837207906,2.091156158723643e-06
2011-07-25,2012-07-23,2012-07-26,2012-08-23,0.031143751648754492,0.4448759871736645,0.07420825315840163,4.99990780281988,-0.013593374585750717,1.0311437516487545,0.0024187257861630917,4.831885058244724e-06
2011-08-25,2012-08-23,2012-08-28,2012-09-26,0.014123778330649817,0.18329107740330763,0.07606329879652926,2.2512459854978184,-0.015411125924501112,1.0141237783306498,2.6593524624269123e-06,4.336084801036933e-13
2011-09-28,2012-09-26,2012-10-01,2012-10-31,-0.00974449346201356,-0.11086605087110968,0.06993131082985324,-1.644879367358537,-0.022649983388850048,0.9902555065379864,0.0012222155208901618,2.440107454836184e-06
2011-10-31,2012-10-31,2012-11-05,2012-12-04,0.004770865906529975,0.05877677584946528,0.09150973133243245,0.6699931603742459,-0.03032707611813723,1.00477086590653,2.813225794013968e-06,4.403004460936807e-13
2011-12-02,2012-12-04,2012-12-07,2013-01-08,0.018185072913667222,0.24142563556332797,0.08695112547417244,2.5314623396048734,-0.015517126551741867,1.0181850729136672,3.703782990694368e-06,4.2587019819405363e-13
2012-01-06,2013-01-08,2013-01-11,2013-02-11,0.026259476280321215,0.36485389679158264,0.04392568220475198,7.107542845405654,-0.004989328299773832,1.0262594762803212,0.0024802438125149525,4.955517415350958e-06
2012-02-09,2013-02-11,2013-02-14,2013-03-15,0.02187042342120482,0.29643262499783174,0.07455954693798378,3.5211697126478265,-0.016810145958238487,1.0218704234212048,0.004284218756239773,8.563142454000652e-06
2012-03-14,2013-03-15,2013-03-20,2013-04-18,-0.013096018040577029,-0.14631271064112006,0.1152610053246088,-1.3139703934749796,-0.029366862437259722,0.986903981959423,0.005596455545447732,1.1190673886174029e-05
2012-04-17,2013-04-18,2013-04-23,2013-05-21,0.047825580622064434,0.7517331970397736,0.06571469868024123,8.573261474090538,-0.009087563935388787,1.0478255806220644,0.010283255779133978,2.0567017926116644e-05
2012-05-18,2013-05-21,2013-05-24,2013-06-24,-0.04692019150694704,-0.438239463880826,0.13525450711654688,-4.19083238443104,-0.04721745627013385,0.953079808493053,0.00838329550037905,1.6760253128771066e-05
2012-06-21,2013-06-24,2013-06-27,2013-07-26,0.0417485146581833,0.6336336813168941,0.06689276360560578,7.377744526733788,-0.011236808035671841,1.0417485146581833,0.007320977492813325,1.4642241276640245e-05
2012-07-25,2013-07-26,2013-07-31,2013-08-28,-0.012761580339872736,-0.14283470730815173,0.07765948485451603,-1.945184271340677,-0.027047109409302994,0.9872384196601273,0.007493601089096592,1.498303437539622e-05
2012-08-27,2013-08-28,2013-09-03,2013-10-01,0.02661488666175682,0.37053676682605796,0.07293585052868663,4.360739791634575,-0.018873368270142188,1.0266148866617568,0.002440263001758845,4.8732111276293425e-06
2012-09-28,2013-10-01,2013-10-04,2013-11-01,0.02690245414606185,0.3751507217610561,0.0812786206997984,3.9623897095762146,-0.011288790086494194,1.0269024541460618,0.004801116111829061,9.60989186029122e-06
2012-11-02,2013-11-01,2013-11-06,2013-12-05,0.0028471538578416222,0.03470597135108466,0.06503356049791587,0.5571543957273877,-0.012641107376475391,1.0028471538578416,0.007563548697383663,1.5122371606885734e-05
2012-12-06,2013-12-05,2013-12-10,2014-01-09,0.00895977599284925,0.112977108036459,0.06546905282326246,1.6679751480282605,-0.010272172280633707,1.0089597759928493,0.003377746373200364,6.7527017240248795e-06
2013-01-10,2014-01-09,2014-01-14,2014-02-12,-0.005665043014255966,-0.06590188937613306,0.10520805157035755,-0.595146099579991,-0.042081983867183315,0.994334956985744,0.004808730039025972,9.614745890564565e-06
2013-02-13,2014-02-12,2014-02-18,2014-03-18,0.01156769845109662,0.1479935160889243,0.06962760429981346,2.0175104852958516,-0.016216637822870972,1.0115676984510966,0.004161304660722355,8.319246091248414e-06
2013-03-19,2014-03-18,2014-03-21,2014-04-21,0.008390600954274907,0.10546619999345386,0.08034441796227125,1.2884940080087743,-0.024258693724838465,1.008390600954275,0.008442744115277404,1.6889107691288806e-05
2013-04-22,2014-04-21,2014-04-24,2014-05-22,0.00027725131549982684,0.003332093784796264,0.05390139252853528,0.088684605162805,-0.010881980462003837,1.0002772513154998,0.0023895900035982754,4.7744966849242705e-06
2013-05-23,2014-05-22,2014-05-28,2014-06-25,0.025329547001552655,0.3500867400103409,0.04281837331564981,7.03584667354443,-0.007199602171779729,1.0253295470015527,0.002784081092293737,5.5622575682616336e-06
2013-06-26,2014-06-25,2014-06-30,2014-07-29,-0.009880292766210608,-0.11232813101450867,0.05237814133493729,-2.248108695509106,-0.01603208078809626,0.9901197072337894,0.00561236588306119,1.1219467788733627e-05
2013-07-30,2014-07-29,2014-08-01,2014-08-29,0.023145504617732682,0.31597853410348975,0.052171013167700786,5.292035240763263,-0.008904118068626454,1.0231455046177327,0.0008477715130481918,1.6907293315390386e-06
2013-08-30,2014-08-29,2014-09-04,2014-10-02,-0.02895933657389438,-0.29717208530185546,0.06465465213717608,-5.41806755737376,-0.029320417337441063,0.9710406634261056,0.004961212238145207,9.917724006985093e-06
2013-10-03,2014-10-02,2014-10-07,2014-11-04,0.016564051735839413,0.21791498702015066,0.1141404576950146,1.7849810900571261,-0.031241022484327807,1.0165640517358394,0.003007025330479289,6.01802674711534e-06
2013-11-05,2014-11-04,2014-11-07,2014-12-08,-0.005983189830098046,-0.06948206634352516,0.05735417714004953,-1.2266549778696825,-0.016551762181297724,0.994016810169902,0.004485671723124479,8.968890722786117e-06
2013-12-09,2014-12-08,2014-12-11,2015-01-12,-0.004208913856509455,-0.04935402825126134,0.11485908468437013,-0.3833054375320716,-0.027799714779145446,0.9957910861434905,0.0037145859187599525,7.424623779871916e-06
2014-01-13,2015-01-12,2015-01-15,2015-02-13,0.027908363009242487,0.3914025458602335,0.0883867235334526,3.783744817440539,-0.019998201697830176,1.0279083630092425,0.0023037722480996436,4.60171779457914e-06
2014-02-14,2015-02-13,2015-02-19,2015-03-19,0.0010795660812212837,0.013031991003877419,0.0781282003337648,0.20479275897567514,-0.02263253173289248,1.0010795660812213,0.006155609373902112,1.2304237464053711e-05
2014-03-20,2015-03-19,2015-03-24,2015-04-22,0.0035530018115692563,0.043479140858023735,0.06255515904851874,0.7117266692606176,-0.010665479665295297,1.0035530018115693,4.058000033770657e-06,3.8827691651350393e-13
2014-04-23,2015-04-22,2015-04-27,2015-05-26,-0.006101643280596036,-0.07081183274976466,0.078094847836108,-0.9012742630483588,-0.015057578004241123,0.993898356719404,0.003251788244651333,6.493023233136871e-06
2014-05-27,2015-05-26,2015-05-29,2015-06-26,-0.008068500531039913,-0.09263884739624717,0.057715968277083037,-1.6552046477493718,-0.012746587868184722,0.9919314994689601,5.874378945047025e-06,3.9519840066436917e-13
2014-06-27,2015-06-26,2015-07-01,2015-07-30,0.005887767298853319,0.07298665404845317,0.08437962330641721,0.8772511432764398,-0.023278731556099386,1.0058877672988533,5.0028720968760815e-06,4.102852061704517e-13
2014-07-31,2015-07-30,2015-08-04,2015-09-01,-0.06278170808916328,-0.5407077949028363,0.18147175607080562,-4.189744866346973,-0.08042199360783664,0.9372182919108367,0.003099584932716092,6.190732022922338e-06
2014-09-03,2015-09-01,2015-09-04,2015-10-05,0.010325148153631059,0.13118583606411427,0.13181989058105054,1.0012527549467938,-0.03439074637938766,1.010325148153631,4.023054793724473e-06,3.5732999261061505e-13
2014-10-06,2015-10-05,2015-10-08,2015-11-05,0.02063517494188538,0.2777514432748076,0.08378650422015259,2.968476683531722,-0.010586210462889989,1.0206351749418854,0.0011316794633507933,2.2561628003949688e-06
2014-11-06,2015-11-05,2015-11-10,2015-12-09,-0.017360375141340034,-0.18954057620982911,0.1006132894184582,-2.0375695912426064,-0.02768553262642881,0.98263962485866,0.002018726906289039,4.030962025816128e-06
2014-12-10,2015-12-09,2015-12-14,2016-01-13,-0.03620553413724237,-0.35758874834881016,0.12141528478457525,-3.580706707514132,-0.05809888084459214,0.9637944658627576,0.0031632582535158164,6.32110546324812e-06
2015-01-14,2016-01-13,2016-01-19,2016-02-17,0.015828630182896708,0.2073839161126867,0.1414501943719747,1.403328577638659,-0.04026049286327804,1.0158286301828967,0.002831775624093934,5.655857759250051e-06
2015-02-18,2016-02-17,2016-02-22,2016-03-21,0.046223633729771896,0.7198648311797746,0.08821356338925651,6.197612247415345,-0.008650550035704696,1.046223633729772,0.002135753871145551,4.26369779668953e-06
2015-03-23,2016-03-21,2016-03-24,2016-04-22,0.03088962022056485,0.44060859675739583,0.07175805677647533,5.126964518816546,-0.011203362010826612,1.0308896202205649,0.0021385907951729224,4.268913607487445e-06
2015-04-24,2016-04-22,2016-04-27,2016-05-25,-0.004304717294760563,-0.05045096889250522,0.08026303945032692,-0.6047970251092942,-0.023082071994496745,0.9956952827052394,0.0024119797934474313,4.816132682452666e-06
2015-05-28,2016-05-25,2016-05-31,2016-06-28,-0.00013304170707439944,-0.0015953327964807196,0.10068868653456145,0.03471078522118401,-0.02933968517543828,0.9998669582929256,0.0006928607379803262,1.3780452618298466e-06
2015-06-30,2016-06-28,2016-07-01,2016-08-01,0.014525231029995034,0.1889243664223319,0.055676207592118804,3.1369357091589976,-0.006320454718171997,1.014525231029995,0.003699963383569123,7.3877741057005685e-06
2015-08-03,2016-08-01,2016-08-04,2016-09-01,0.007155007590436968,0.08932080096721373,0.03637230275445932,2.3707636014735685,-0.007844132981039253,1.007155007590437,5.116807034054432e-06,1.6128667042261674e-13
2015-09-03,2016-09-01,2016-09-07,2016-10-05,-0.012530279422898527,-0.14042168777021202,0.10978764060836615,-1.322695874016355,-0.02544295244934147,0.9874697205771015,6.9004659544190545e-06,1.9335237498666738e-13
2015-10-07,2016-10-05,2016-10-10,2016-11-07,-0.003907946062518208,-0.04590041332711692,0.06450316961307484,-0.6962497156600327,-0.02108033665783493,0.9960920539374818,0.00010288941505314761,1.961979091940828e-07
2015-11-09,2016-11-07,2016-11-10,2016-12-09,0.043088263032834195,0.6590241359062514,0.04611182092807371,11.012324767326124,-0.0030062741828683626,1.0430882630328342,0.006363226723735162,1.2727589444849493e-05
2015-12-11,2016-12-09,2016-12-14,2017-01-13,-0.0006497990204012982,-0.007769780759513734,0.0528072079031786,-0.12128649530952708,-0.0074379143315322915,0.9993502009795987,0.007950992394041435,1.5899033043498264e-05
2016-01-15,2017-01-13,2017-01-19,2017-02-16,0.018871513497633385,0.2515063003984166,0.04562378899715067,4.942333716031045,-0.00908280275069473,1.0188715134976334,0.0016811731273596504,3.353057708627025e-06
2016-02-19,2017-02-16,2017-02-22,2017-03-22,-0.014513127090404532,-0.16090694976355946,0.06464020352558549,-2.6807927264130607,-0.022622765049171045,0.9854868729095955,0.004851112428500129,9.698711008241593e-06
2016-03-23,2017-03-22,2017-03-27,2017-04-25,0.01419987568297354,0.1843570122510061,0.05193779347640987,3.2847798864150155,-0.009166449941382493,1.0141998756829735,4.756860950404251e-06,8.384841736568423e-12
2016-04-26,2017-04-25,2017-04-28,2017-05-26,0.011051762888563355,0.14098698144178967,0.05291782498326384,2.5195768571580515,-0.010290665504173124,1.0110517628885634,0.002404509401709513,4.800587242540757e-06
2016-05-27,2017-05-26,2017-06-01,2017-06-29,0.004823831024358904,0.05944671364238707,0.05018813275536927,1.175809040410745,-0.010597226220836031,1.004823831024359,0.021165235777314648,4.232781144377787e-05
2016-06-30,2017-06-29,2017-07-05,2017-08-02,0.005672228196594409,0.07023090068736915,0.035012374567991965,1.9563716092210592,-0.006859309131004743,1.0056722281965944,0.004400475649306247,8.795990379474536e-06
2016-08-03,2017-08-02,2017-08-07,2017-09-05,-0.0010434275190173148,-0.01244952266217092,0.058762656563552874,-0.1837830210624279,-0.010853120554632611,0.9989565724809827,0.00337979560546851,6.747369257672574e-06
2016-09-06,2017-09-05,2017-09-08,2017-10-06,0.024169357898311095,0.3318684662444238,0.03240617430795899,8.864678600125567,-0.002998149973866049,1.024169357898311,0.0018300990818746912,3.6497191699511044e-06
2016-10-07,2017-10-06,2017-10-11,2017-11-08,0.010032073404209418,0.12725450451973708,0.029367891196622857,4.094440265532453,-0.004782613549316417,1.0100320734042094,0.007364324024252914,1.4723207686290355e-05
2016-11-09,2017-11-08,2017-11-13,2017-12-12,0.031134218162341076,0.44471569132577704,0.048484718986852596,7.617944101173085,-0.005309351436724619,1.031134218162341,0.0010961241654281284,2.1814821385999505e-06
2016-12-13,2017-12-12,2017-12-15,2018-01-17,0.03564474162504516,0.522403077498673,0.052781975347951544,7.995763666632075,-0.008065242631841496,1.0356447416250452,0.018495824772533895,3.698718103793773e-05
2017-01-18,2018-01-17,2018-01-22,2018-02-20,-0.035542194921214576,-0.3522628818520833,0.16102477710337004,-2.613255771554215,-0.07320731983959483,0.9644578050787854,0.011156806662795686,2.230660357947792e-05
2017-02-21,2018-02-20,2018-02-23,2018-03-23,-0.026831968972710896,-0.27847064488549156,0.10985877324410319,-2.9139362013588355,-0.043369918519976514,0.9731680310272891,0.0032243460812924826,6.441975496131804e-06
2017-03-24,2018-03-23,2018-03-28,2018-04-26,0.013081275918570778,0.16877648142588786,0.0939144970222281,1.708242635904052,-0.013854209604252654,1.0130812759185708,0.00023706997167239133,4.6075782112028354e-07
2017-04-27,2018-04-26,2018-05-01,2018-05-30,0.01688020736875817,0.22246808925684491,0.05907288411775312,3.431249865363002,-0.010599109577639876,1.0168802073687582,0.004063774614383669,8.11186289588989e-06
2017-05-31,2018-05-30,2018-06-04,2018-07-02,-0.009765759802770946,-0.11109516013231846,0.04454365649547912,-2.620886198940016,-0.022089361547754316,0.990234240197229,0.0046999807654551995,9.408127333482497e-06
2017-07-03,2018-07-02,2018-07-06,2018-08-03,0.020268162748534824,0.27224870522164624,0.047261130819996305,5.120869888386811,-0.0065621142571311575,1.0202681627485348,0.002759881658453852,5.509958314919573e-06
2017-08-04,2018-08-03,2018-08-08,2018-09-06,-0.0003436776149808862,-0.004116344759381385,0.05402433325520399,-0.04934991375759779,-0.011600869834090144,0.9996563223850191,5.410426947303468e-06,1.5122046983534989e-12
2017-09-07,2018-09-06,2018-09-11,2018-10-09,-0.00010251268782457412,-0.0012294589066672579,0.038446690639202585,-0.012762167346142059,-0.01373928082549758,0.9998974873121754,0.0016366657219674683,3.2645026772894355e-06
2017-10-10,2018-10-09,2018-10-12,2018-11-09,0.009653331132255749,0.1221925720044732,0.10985486867305821,1.1046351901850902,-0.03559122571341966,1.0096533311322557,7.214695501564224e-06,1.6932277216149832e-12
2017-11-10,2018-11-09,2018-11-14,2018-12-14,-0.028925392936991257,-0.29687721250927257,0.11851985002966942,-2.910212792355986,-0.04515260180492642,0.9710746070630087,8.091743389703212e-06,9.21954758496091e-13
2017-12-14,2018-12-14,2018-12-19,2019-01-18,0.033922792978189564,0.49230403821446456,0.1452914289967936,2.8298695149542823,-0.036227284002220195,1.0339227929781896,7.0272767491653085e-06,1.3807271615023934e-12
2018-01-19,2019-01-18,2019-01-24,2019-02-22,0.041495986466453916,0.6288879410548589,0.05664380706621231,8.650028983274392,-0.0057466808405785,1.041495986466454,8.334373014277485e-06,1.1182330380608694e-12
2018-02-22,2019-02-22,2019-02-27,2019-03-27,-0.0031541922666259437,-0.037200532929344554,0.06880967406398358,-0.5164481512074479,-0.01383284772061022,0.9968458077333741,0.00030526853237725505,5.929257609545144e-07
2018-03-27,2019-03-27,2019-04-01,2019-04-30,0.021607669778998195,0.2924380551518828,0.04366571701005287,5.899669678713046,-0.005019261271997366,1.0216076697789982,9.057446098015774e-06,1.209385716118897e-12
2018-04-30,2019-04-30,2019-05-03,2019-06-03,-0.025449988013593217,-0.2660785616059913,0.09169090336208754,-3.3258357779166223,-0.038174767661179776,0.9745500119864068,7.336883487816615e-05,1.3221966358850052e-07
2018-06-01,2019-06-03,2019-06-06,2019-07-05,0.03272772661854595,0.4717364468593592,0.051537422063099796,7.529776373973235,-0.01036940920672802,1.032727726618546,0.0025452783168576085,5.075585035177192e-06
2018-07-05,2019-07-05,2019-07-10,2019-08-07,-0.012538018023208863,-0.14050252038085476,0.08303770458379256,-1.7810794227170335,-0.03217809035859409,0.9874619819767911,8.360923298452794e-06,6.937444350878205e-13
2018-08-07,2019-08-07,2019-08-12,2019-09-10,0.01863631333480975,0.2480438691338862,0.10057830387687458,2.254511249317167,-0.016247513184536766,1.0186363133348098,0.0022931706172952286,4.574052617902581e-06
2018-09-10,2019-09-10,2019-09-13,2019-10-11,-0.008482877486380658,-0.09717698587730095,0.07361213526085444,-1.3516098390525395,-0.02349398711149342,0.9915171225136193,9.401337994313666e-06,2.2093520131662467e-12
2018-10-11,2019-10-11,2019-10-16,2019-11-13,0.022358917603588324,0.3038891578649643,0.03209067678095184,8.289157983107382,-0.002718348591677855,1.0223589176035883,9.593661720644951e-06,1.5669473950252478e-12
2018-11-13,2019-11-13,2019-11-18,2019-12-17,0.014325704903642489,0.18612149821105062,0.042287108257296965,4.0589233278503345,-0.01032167660479455,1.0143257049036425,8.861342242106166e-06,1.2280151321490295e-12
2018-12-18,2019-12-17,2019-12-20,2020-01-22,0.015615689885999595,0.20435028065332173,0.036488842351136995,5.11592245233093,-0.003781758729167639,1.0156156898859996,9.008539753385134e-06,1.3281300698898977e-12
2019-01-23,2020-01-22,2020-01-27,2020-02-25,-0.03291381132355897,-0.33075956608603296,0.11655691735070549,-3.3841445397650936,-0.042030987093877314,0.967086188676441,8.273146317003478e-06,1.0454861576064369e-12
2019-02-26,2020-02-25,2020-02-28,2020-03-27,-0.1283247499121163,-0.8075771776977515,0.5952383297133647,-2.4584866795298232,-0.22374971304043778,0.8716752500878837,9.606456627099731e-06,9.169521659208857e-13
2019-03-29,2020-03-27,2020-04-01,2020-04-30,0.05648262252476699,0.9335183400018592,0.2291345709216297,2.9954572285332315,-0.024131407609920497,1.056482622524767,0.014705939801473222,2.94061108018848e-05
2019-05-02,2020-04-30,2020-05-05,2020-06-03,0.0645826668581091,1.1191060454943265,0.14249995230990098,5.348983811292211,-0.025752198037587992,1.064582666858109,8.214635974947773e-06,9.08554040683422e-13
2019-06-05,2020-06-03,2020-06-08,2020-07-07,-0.030369870194469906,-0.30932581324119945,0.19220949690551625,-1.8265452296174398,-0.0594800697642448,0.9696301298055301,1.0334729480678166e-05,9.419582134243678e-13
2019-07-09,2020-07-07,2020-07-10,2020-08-07,0.06142663611849408,1.0449362928911836,0.0735452200187424,9.777408969499527,-0.008213206533311368,1.061426636118494,8.67541582999403e-06,9.610523011418317e-13
2019-08-09,2020-08-07,2020-08-12,2020-09-10,-0.006702506414860032,-0.07753037369252747,0.09586882296657588,-0.793571815221812,-0.02775497996752596,0.99329749358514,1.0004276026891276e-05,8.704933834425173e-13
2019-09-12,2020-09-10,2020-09-15,2020-10-13,0.008753227497827032,0.1102460763822759,0.11130632710619347,0.9955934740080027,-0.036148942008036644,1.008753227497827,0.0003354108843777447,6.595881649876028e-07
2019-10-15,2020-10-13,2020-10-16,2020-11-13,0.031648466859789615,0.4533855743727424,0.1396311999940289,2.7495701732136157,-0.03750577176159142,1.0316484668597896,0.001546819975461671,3.0752926565138467e-06
2019-11-15,2020-11-13,2020-11-18,2020-12-17,0.02314416298026556,0.3159578267452581,0.07884884332025661,3.5234543701612275,-0.011660023815133758,1.0231441629802656,0.00020172595732415247,3.86530722617266e-07
2019-12-19,2020-12-17,2020-12-22,2021-01-22,0.02279349360561267,0.3105556881663869,0.07209693981493238,3.7892659830267186,-0.008273776822614765,1.0227934936056127,0.0031878716431903197,6.357963802564283e-06
2020-01-24,2021-01-22,2021-01-27,2021-02-25,0.009285686302860752,0.11729889577086561,0.11231077558500123,1.0441829219577532,-0.01600433585405303,1.0092856863028608,0.0027604950822818913,5.510691920376163e-06
2020-02-27,2021-02-25,2021-03-02,2021-03-30,0.014027166695157245,0.18193905539159183,0.09763716835310583,1.7613312228391078,-0.01997382236264711,1.0140271666951572,0.008648008898727105,1.7279896703537752e-05
2020-03-31,2021-03-30,2021-04-05,2021-05-03,0.02256361804671303,0.30702544363399986,0.06311047533126396,4.276397808857805,-0.011065722411719991,1.022563618046713,0.009336705709583996,1.8660473430918984e-05
2020-05-04,2021-05-03,2021-05-06,2021-06-04,0.01788593922237225,0.23705606331065243,0.09086690814362519,2.3877128992600696,-0.026648795732817865,1.0178859392223722,0.0028404114395183884,5.671809135148848e-06
2020-06-05,2021-06-04,2021-06-09,2021-07-08,-0.018020935542677807,-0.19605424560548723,0.08042100842711758,-2.672090349198531,-0.028164647627850092,0.9819790644573222,0.0007568911624638088,1.4971504413981287e-06
2020-07-09,2021-07-08,2021-07-13,2021-08-10,0.0025448754799688444,0.030969594380305,0.07674521424932881,0.4358052177138592,-0.016364413117021526,1.0025448754799688,8.605198038895233e-06,1.331205216810371e-12
2020-08-11,2021-08-10,2021-08-13,2021-09-13,0.0012652758712929923,0.015289418280804101,0.06080698997828292,0.2799496562808914,-0.013606967167429374,1.001265275871293,0.0037388383432602926,7.461413085574454e-06
2020-09-14,2021-09-13,2021-09-16,2021-10-14,-0.005224401452798344,-0.0609223945601538,0.0911454162511885,-0.6439188675863301,-0.020338951951756612,0.9947755985472017,0.0012146040896497618,2.411522816634276e-06
2020-10-15,2021-10-14,2021-10-19,2021-11-16,0.027987323779945728,0.3926856872484714,0.051053154427861985,6.51781574397916,-0.007619261736082961,1.0279873237799457,0.003661003313351334,7.294173570603789e-06
2020-11-17,2021-11-16,2021-11-19,2021-12-20,-0.023013187373225774,-0.243751685381579,0.11427801391484016,-2.38619239540662,-0.036365178529011444,0.9769868126267742,0.0024336548947170265,4.851641004018682e-06
2020-12-21,2021-12-20,2021-12-23,2022-01-24,-0.02123535004906929,-0.22707152610523695,0.0767133797716762,-3.3173843070146325,-0.04046129801014675,0.9787646499509307,0.0023778204952511674,4.73678363048583e-06
2021-01-26,2022-01-24,2022-01-27,2022-02-25,0.007875964406517388,0.09871501713453568,0.11303440499053594,0.8894510146312472,-0.034638081249757535,1.0078759644065174,0.002730577542323476,5.4497772340207185e-06
2021-03-01,2022-02-25,2022-03-02,2022-03-30,0.025043029648446735,0.34556648422892233,0.1083487561689313,2.7952902469264513,-0.026157826409928586,1.0250430296484467,0.0023977852387140103,4.777177835507188e-06
2021-04-01,2022-03-30,2022-04-04,2022-05-03,-0.04494659965552772,-0.4241201775779524,0.12133495426521244,-4.482211904419021,-0.04956450086277486,0.9550534003444723,0.0037305444416896164,7.453432444025866e-06
2021-05-05,2022-05-03,2022-05-06,2022-06-06,-0.004266129918043204,-0.050009286570253386,0.13751910792263658,-0.3039573005604118,-0.027979461272120476,0.9957338700819568,0.0057327820736701,1.1452794168606662e-05
2021-06-08,2022-06-06,2022-06-09,2022-07-11,-0.042329096644573405,-0.40489238040723496,0.15023559566120853,-3.3756868471309254,-0.053152537807510725,0.9576709033554266,9.703403319624785e-06,6.822013491762565e-13
2021-07-12,2022-07-11,2022-07-14,2022-08-11,0.0582699265993567,0.9731379827227522,0.09397648116068352,7.288452282679573,-0.007846949763755218,1.0582699265993567,0.0015905161939214873,3.1666851246485684e-06
2021-08-12,2022-08-11,2022-08-16,2022-09-14,-0.051837760427411284,-0.47205112676596306,0.13526306973580096,-4.648249638241289,-0.05876933516212768,0.9481622395725887,1.1226054432784376e-05,6.921098646756542e-13
2021-09-15,2022-09-14,2022-09-19,2022-10-17,-0.032461881072074705,-0.3269969822680511,0.16806858987254117,-2.270663225204015,-0.05197767637518791,0.9675381189279253,0.0011349198248393963,2.254468880568277e-06
2021-10-18,2022-10-17,2022-10-20,2022-11-17,0.059977406369524866,1.0116818586931,0.14349146281463848,4.949107875096012,-0.014169917170049007,1.0599774063695249,0.0024222282792573154,4.832190288352269e-06
2021-11-18,2022-11-17,2022-11-22,2022-12-21,-0.001759678641584994,-0.020912970751256643,0.11054021029217811,-0.13583673269658103,-0.03230921919768304,0.998240321358415,0.0036614318978237283,7.308777925644397e-06
2021-12-22,2022-12-21,2022-12-27,2023-01-26,0.02545577436679336,0.3520825860854111,0.09515690409711931,3.219356431090175,-0.017319793456497035,1.0254557743667934,0.0009484790335317944,1.8816185811869225e-06
2022-01-26,2023-01-26,2023-01-31,2023-03-01,-0.017517898234352014,-0.1910982610949915,0.07974795746638925,-2.61830150690872,-0.03192820566445487,0.982482101765648,8.477374496892136e-06,5.782942989604119e-13
2022-03-01,2023-03-01,2023-03-06,2023-04-03,-0.0027719846475594556,-0.032761335270425906,0.09869845096354045,-0.28803788238194317,-0.032193084687178075,0.9972280153524405,0.002955478513741302,5.8994524556358905e-06
2022-04-01,2023-04-03,2023-04-06,2023-05-05,0.007162327146452485,0.0894158051714471,0.06721120664953423,1.3080090385386618,-0.013682425597936199,1.0071623271464525,9.188503809400154e-06,2.6302747927298977e-13
2022-05-05,2023-05-05,2023-05-10,2023-06-08,0.008630338737822596,0.10862412903727114,0.07612947021657987,1.3928038073192919,-0.01649517484290386,1.0086303387378226,0.00028329664865917037,5.570779589937087e-07
2022-06-08,2023-06-08,2023-06-13,2023-07-13,0.018987961895952754,0.25322381881651923,0.06531860304780657,3.4898896773028234,-0.016193781562005904,1.0189879618959528,7.471699609914402e-06,1.6133927748902532e-13
2022-07-13,2023-07-13,2023-07-18,2023-08-15,-0.013713995934685252,-0.15270539034045727,0.06204267387854473,-2.638912052077443,-0.028176390734136803,0.9862860040653147,0.002851970727391135,5.696644165224853e-06
2022-08-15,2023-08-15,2023-08-18,2023-09-18,0.011523783048220437,0.14739560183820988,0.06399554521144171,2.1810664111314497,-0.010421657947047858,1.0115237830482204,8.78821772999554e-06,1.7890128669483755e-13
2022-09-16,2023-09-18,2023-09-21,2023-10-19,-0.0332417694534225,-0.33347792482993843,0.08110881906523022,-4.957019182423974,-0.027638939530840845,0.9667582305465775,5.985420752701433e-06,2.0536843798820114e-13
2022-10-19,2023-10-19,2023-10-24,2023-11-21,0.04571944499718028,0.7099452487968336,0.08521152610159963,6.344758888887636,-0.012055112612128327,1.0457194449971803,9.74189467774588e-06,2.6878089964106466e-13
2022-11-21,2023-11-21,2023-11-27,2023-12-26,0.04452474985231247,0.6866494139331929,0.07687717298478959,6.845132237907646,-0.00977327539524031,1.0445247498523125,9.446736926363287e-06,3.82419043023873e-13
2022-12-23,2023-12-26,2023-12-29,2024-01-30,0.007493329019530037,0.09371999148263632,0.05903323331680532,1.5473264331412808,-0.01143486011801298,1.00749332901953,0.0015439536125418122,3.076445667132386e-06
2023-01-30,2024-01-30,2024-02-02,2024-03-04,0.024344093031146263,0.3345978123129092,0.0681500786337074,4.271761318506921,-0.011267584115832618,1.0243440930311463,0.0006764897234153195,1.3477224075861719e-06
2023-03-03,2024-03-04,2024-03-07,2024-04-05,0.012427602839297558,0.1597589350174542,0.06314511050262708,2.3793948429631926,-0.01342298941989728,1.0124276028392976,0.004910140851419519,9.815063596401957e-06
2023-04-05,2024-04-05,2024-04-10,2024-05-08,-0.004115557461323416,-0.04828398866345107,0.0759014308330121,-0.6139150622635038,-0.01837591692650642,0.9958844425386766,0.0021066458986006807,4.204556287434677e-06
2023-05-09,2024-05-08,2024-05-13,2024-06-11,-0.0029779911745877463,-0.03515634909816656,0.07081178056706464,-0.46995073963905165,-0.02100662323316682,0.9970220088254123,0.000547713720737829,1.079157128118161e-06
2023-06-12,2024-06-11,2024-06-14,2024-07-16,0.04041808587092399,0.6087728062218047,0.05547494806696667,8.606658399716519,-0.0067390724579631245,1.040418085870924,1.2721348224327905e-05,1.525780036349375e-13
2023-07-17,2024-07-16,2024-07-19,2024-08-16,0.00637892268479634,0.07929058719469695,0.12061068813646345,0.6932173866733005,-0.03950331353482506,1.0063789226847963,0.0007885974126022788,1.5523710900198514e-06
2023-08-17,2024-08-16,2024-08-21,2024-09-19,0.025814305246215863,0.35776626325255334,0.08221825361260189,3.763232537437315,-0.021385766471390344,1.0258143052462159,0.0003583499556730579,6.999476532417783e-07
2023-09-20,2024-09-19,2024-09-24,2024-10-22,0.006183518500371354,0.07677853749562957,0.06187488265161589,1.2266307128499128,-0.008021793865910731,1.0061835185003714,0.002178939549721837,4.334008364703922e-06
2023-10-23,2024-10-22,2024-10-25,2024-11-22,0.021782736007144976,0.2950982814122842,0.08096030824294598,3.235992094652223,-0.015581931631360901,1.021782736007145,0.005033523964499069,1.0059699727581627e-05
2023-11-24,2024-11-22,2024-11-27,2024-12-27,-0.031070620447082975,-0.3152918525226035,0.08310569977837894,-4.512309054420432,-0.04537560073660518,0.968929379552917,0.010593674189476173,2.1189865548491255e-05
2023-12-28,2024-12-27,2025-01-02,2025-02-03,0.025352842914136975,0.35045488038024675,0.07458786445872342,4.06770855193826,-0.013863178889308103,1.025352842914137,1.4817362953759941e-05,5.688593113950661e-13
2024-02-01,2025-02-03,2025-02-06,2025-03-07,-0.014096211635482803,-0.15663723081811143,0.07830417334142327,-2.1356547106444115,-0.024952812167485128,0.9859037883645172,0.002170668058592236,4.3223830722579155e-06
2024-03-06,2025-03-07,2025-03-12,2025-04-09,-0.016815096929603812,-0.18412727372057924,0.24237819582327097,-0.7184069958544356,-0.07936292583027471,0.9831849030703962,1.1296609452085954e-05,1.6393162836275103e-13
2024-04-09,2025-04-09,2025-04-14,2025-05-13,0.049213631720570694,0.7797831605985184,0.08484991617816223,6.844353525530551,-0.010321680555934853,1.0492136317205707,8.969096233504306e-06,1.72111329618002e-13
2024-05-10,2025-05-13,2025-05-16,2025-06-16,0.00950885170361393,0.12026708500587135,0.07231034106375922,1.6071058247302594,-0.01316441739776164,1.009508851703614,0.00010921549802574016,2.0419047217099887e-07
2024-06-13,2025-06-16,2025-06-20,2025-07-21,0.023018777666980794,0.31402389851121604,0.06079864885274339,4.524642201495172,-0.011331118110680327,1.0230187776669808,1.4168933057259122e-05,1.4981748386551604e-13
2024-07-18,2025-07-21,2025-07-24,2025-08-21,0.0008499021709369448,0.01024663539493531,0.05671102462541949,0.2080716590083384,-0.01634969966382438,1.000849902170937,0.0034703311326442243,6.9198244048647734e-06
2024-08-20,2025-08-21,2025-08-26,2025-09-24,0.01920243170334457,0.25639272803155544,0.03808073491171655,6.015415035920107,-0.0032550434629826652,1.0192024317033446,1.0264223557964274e-05,2.496445361104713e-13
2024-09-23,2025-09-24,2025-09-29,2025-10-27,0.022192473920457756,0.3013441038195426,0.08113335326136356,3.2887834042563973,-0.016073590279220173,1.0221924739204578,0.002432739042822438,4.841461336592914e-06
