date,return
2020-09-25,0.006201419280149439
2020-09-28,0.008378604586515724
2020-09-29,0.0015968270190581477
2020-09-30,-0.0028922988465095636
2020-10-01,0.007989361733223023
2020-10-02,-0.009926728681507782
2020-10-05,0.0013652796301795863
2020-10-06,-0.007034085795474988
2020-10-07,0.002577805171027946
2020-10-08,0.004465369517509868
2020-10-09,0.009926679943883437
2020-10-12,0.009462853130175555
2020-10-13,-0.002357936658981553
2020-10-14,-0.00085806394384291
2020-10-15,-0.0015445346238100576
2020-10-16,-0.003575864322002717
2020-10-19,-0.0060449063390645135
2020-10-20,-0.0009785157057413223
2020-10-21,0.000858883081811122
2020-10-22,-0.006418135211725053
2020-10-23,0.002247607937064913
2020-10-26,-0.0016548204943052092
2020-10-27,0.0053519543299860705
2020-10-28,-0.016366963337637805
2020-10-29,0.0007107098880990225
2020-10-30,-0.009544833541818938
2020-11-02,0.006026140303104422
2020-11-03,0.004985639745403564
2020-11-04,0.02061453717340842
2020-11-05,0.015278804045763528
2020-11-06,-0.0033045655219142776
2020-11-09,-0.0263960731201335
2020-11-10,-0.006390962657943283
2020-11-11,0.006672063723469672
2020-11-12,0.00603956039875632
2020-11-13,0.004191147369086217
2020-11-16,0.001566791449420002
2020-11-17,0.0001413885892708955
2020-11-18,-0.0031324507520278174
2020-11-19,0.0034453578858068415
2020-11-20,0.0016659182637909881
2020-11-23,-0.007448173695844955
2020-11-24,-0.0033785815246938954
2020-11-25,0.0007965641693102269
2020-11-27,0.002929713225405593
2020-11-30,-0.001862983777458397
2020-12-01,0.005343861352619723
2020-12-02,0.00012566015621726237
2020-12-03,0.005448719348650492
2020-12-04,-0.004314807160243361
2020-12-07,0.009146065877931837
2020-12-08,0.0035958911847872137
2020-12-09,-0.013117440430374626
2020-12-10,0.0034938728441068247
2020-12-11,0.0011286331628948486
2020-12-14,-0.0003979880310134556
2020-12-15,0.006421743436717595
2020-12-16,0.0024439817140868955
2020-12-17,0.004304090794067757
2020-12-18,-0.002425351149729805
2020-12-21,-0.00029223096907172964
2020-12-22,0.00013183370046449658
2020-12-23,-0.0017727620622031229
2020-12-24,0.003848842697017703
2020-12-28,0.0020767275697747218
2020-12-29,0.0009633027536186963
2020-12-30,0.003022227626310631
2020-12-31,0.00235687568620106
2021-01-04,0.0021051708868707543
2021-01-05,0.0009003558613533117
2021-01-06,-0.015771111114742095
2021-01-07,0.0035598402014333334
2021-01-08,-0.007660603934056617
2021-01-11,-0.005613420839218258
2021-01-12,0.001209578801993949
2021-01-13,0.004459788239610181
2021-01-14,-0.0047981959654760506
2021-01-15,-0.004637362820489242
2021-01-19,0.007946264584143542
2021-01-20,0.01220062486378461
2021-01-21,-3.723885192166987e-05
2021-01-22,-0.002102838902020288
2021-01-25,0.006678923152965604
2021-01-26,-0.000902076331175286
2021-01-27,-0.012061692415774346
2021-01-28,0.0008644286926271477
2021-01-29,-0.010449012238158587
2021-02-01,0.013202114307403423
2021-02-02,0.0010104079739563492
2021-02-03,-0.003922353295777412
2021-02-04,-0.003386498582877224
2021-02-05,0.002138013203076617
2021-02-08,0.006797823951564514
2021-02-09,0.002263587045429907
2021-02-10,0.0026172619825206435
2021-02-11,-0.0014540125629989493
2021-02-12,-0.0027686541009292187
2021-02-16,-0.009311554319728967
2021-02-17,-0.002588220267575627
2021-02-18,-0.003875621089967867
2021-02-19,-0.0035510967819435287
2021-02-22,-0.008621274643659435
2021-02-23,-0.0018392415813442368
2021-02-24,-0.000367622620394306
2021-02-25,-0.023151805753231756
2021-02-26,-0.0010160387058051068
2021-03-01,0.014087140906571656
2021-03-02,-0.005990743811303966
2021-03-03,-0.010798179675624095
2021-03-04,-0.010913040188048747
2021-03-05,0.007635278106087849
2021-03-08,-0.017813325997641957
2021-03-09,0.019806153163236497
2021-03-10,0.00016184564837478537
2021-03-11,0.015054458441422823
2021-03-12,-0.01002705289540123
2021-03-15,0.003524977695334699
2021-03-16,0.0022005705297234285
2021-03-17,0.0009230411498318897
2021-03-18,-0.019366219415710144
2021-03-19,0.005496674189288419
2021-03-22,0.006288806980363879
2021-03-23,-0.0060891699279683595
2021-03-24,-0.00778578464092316
2021-03-25,-0.0028562426160762848
2021-03-26,0.011506426575485642
2021-03-29,-0.000738383137149501
2021-03-30,-0.006023778306827619
2021-03-31,0.007866704890022934
2021-04-01,0.014061519681384653
2021-04-05,0.006237454593366561
2021-04-06,0.0013255076617373067
2021-04-07,-0.0003227223394988656
2021-04-08,0.007466914251646964
2021-04-09,0.0015747874829048164
2021-04-12,-0.001105669014699616
2021-04-13,0.0072780705589999585
2021-04-14,0.0025361254082955447
2021-04-15,0.01057504286157556
2021-04-16,0.0012930676970546613
2021-04-19,-0.00410571368757237
2021-04-20,-0.005823003202924196
2021-04-21,0.005269462759525205
2021-04-22,-0.004200246576295671
2021-04-23,0.011018095185814803
2021-04-26,0.0045857140854494004
2021-04-27,0.0011712853912485767
2021-04-28,0.0018725893166398931
2021-04-29,0.0030554471662296375
2021-04-30,-0.009522836531346264
2021-05-03,0.001854955645943794
2021-05-04,-0.0050593860777602495
2021-05-05,0.0013115142569267734
2021-05-06,0.007493307031853178
2021-05-07,0.008732115477967973
2021-05-10,-0.01625621739664995
2021-05-11,0.0011188353191994547
2021-05-12,-0.017886027330578886
2021-05-13,-0.005138992363445041
2021-05-14,0.015568016965581364
2021-05-17,0.0018474899170516119
2021-05-18,5.762277484855962e-06
2021-05-19,-0.006862066496412319
2021-05-20,0.0048287673982637365
2021-05-21,-0.0020979005090506755
2021-05-24,0.013020592354848847
2021-05-25,0.002354092058289005
2021-05-26,0.003937328319051156
2021-05-27,0.005662876916575766
2021-05-28,0.0015102648910329858
2021-06-01,0.012251752566335008
2021-06-02,0.0033649794894722
2021-06-03,-0.007938542700246754
2021-06-04,0.009851521248326974
2021-06-07,8.058560041646805e-05
2021-06-08,0.001648571052589549
2021-06-09,-0.002437329081021827
2021-06-10,0.004812100450168358
2021-06-11,-0.0013759840158076302
2021-06-14,0.0005535376636964187
2021-06-15,-0.00345285077564065
2021-06-16,-0.008102257086738849
2021-06-17,-0.007261392980681207
2021-06-18,-0.0061634824872897395
2021-06-21,0.01028021631349416
2021-06-22,0.00021771320183375297
2021-06-23,0.0019673292973833604
2021-06-24,0.006615522039437847
2021-06-25,0.0020657070575113693
2021-06-28,0.0023256326012786317
2021-06-29,0.0017588530744370359
2021-06-30,0.0015704926197748835
2021-07-01,0.003134215716084818
2021-07-02,0.007531677182128153
2021-07-06,-0.00799883468555268
2021-07-07,-0.0015982662270549886
2021-07-08,-0.0026664532739777464
2021-07-09,0.011573346347641627
2021-07-12,0.0036054312565944606
2021-07-13,-0.0006389803684340679
2021-07-14,-0.0007756980155583463
2021-07-15,-0.003534584633073937
2021-07-16,-0.004352357107430415
2021-07-19,-0.021684163057733342
2021-07-20,0.014510316868812708
2021-07-21,0.01035805346208928
2021-07-22,0.0030625134782808518
2021-07-23,0.006989011084821485
2021-07-26,0.0018699569799691847
2021-07-27,-0.005610245441749321
2021-07-28,0.0014768780036909582
2021-07-29,0.006297503675824365
2021-07-30,-0.0033363270891540787
2021-08-02,-0.004065069105674743
2021-08-03,0.0016001104680310283
2021-08-04,-0.005834500559571442
2021-08-05,0.010496952116101662
2021-08-06,-0.004185579749545185
2021-08-09,-0.005387378564379831
2021-08-10,0.0011801878810657608
2021-08-11,0.004172106493784102
2021-08-12,0.0009412972528211072
2021-08-13,0.0011531936417689054
2021-08-16,-0.0007862527652867388
2021-08-17,-0.006919703727109926
2021-08-18,-0.010222491192774498
2021-08-19,-0.0011420456138693921
2021-08-20,-0.0016353089407928063
2021-08-23,0.01569767396465664
2021-08-24,0.006056882766834085
2021-08-25,0.0030489856660276724
2021-08-26,-0.004647389571512985
2021-08-27,0.010596548629731748
2021-08-30,0.006535296200422718
2021-08-31,-0.0005115168256359473
2021-09-01,0.0037251679685974164
2021-09-02,0.005910157285074003
2021-09-03,0.0005995314753818934
2021-09-07,-0.007726215269675766
2021-09-08,0.0029886633079511454
2021-09-09,-0.009906772416664598
2021-09-10,-0.003589438044977019
2021-09-13,0.005053220697712319
2021-09-14,-0.0025891476439146304
2021-09-15,0.009126238775097708
2021-09-16,-0.002274193864896944
2021-09-17,-0.009228140485747806
2021-09-20,-0.01243611092965038
2021-09-21,0.00029255893656992757
2021-09-22,0.010199056270294297
2021-09-23,0.008586222264013533
2021-09-24,-0.001258092826619676
2021-09-27,-0.002518083917809463
2021-09-28,-0.014703315195823933
2021-09-29,0.002310101185623507
2021-09-30,-0.005555699813708273
2021-10-01,0.011453253803268696
2021-10-04,-0.002479475189014829
2021-10-05,0.006701172763324318
2021-10-06,0.000157186607324816
2021-10-07,0.008184773254073175
2021-10-08,-0.003427394148499992
2021-10-11,-0.0002570018564376634
2021-10-12,0.00266315527296778
2021-10-13,0.006533739944507739
2021-10-14,0.013918530649899112
2021-10-15,0.004971691259029799
2021-10-18,0.0020931383334696655
2021-10-19,0.003882219635118494
2021-10-20,0.008192493473265972
2021-10-21,-0.0021147418786015833
2021-10-22,0.0003692651289857467
2021-10-25,0.005972458793238024
2021-10-26,0.0018220545408102959
2021-10-27,-0.009157715434771119
2021-10-28,0.009743519935653252
2021-10-29,-0.0038102560662611924
2021-11-01,0.004591848967328326
2021-11-02,0.0038914935303359767
2021-11-03,-0.003748120666328041
2021-11-04,-0.0020113100419050694
2021-11-05,0.006836373222956898
2021-11-08,0.0017164946350224472
2021-11-09,0.0012320449575438574
2021-11-10,-0.00904405645609029
2021-11-11,0.0029887124164489085
2021-11-12,0.0026763634284165706
2021-11-15,0.0023269572769236873
2021-11-16,-0.0005053077221878583
2021-11-17,-0.0024210489282932295
2021-11-18,0.0031039177273324363
2021-11-19,-0.006564127832455958
2021-11-22,-0.0013277228107428617
2021-11-23,0.00779528509181053
2021-11-24,0.0037457396946410488
2021-11-26,-0.03414984732224818
2021-11-29,0.0099596714870679
2021-11-30,-0.02026948563224464
2021-12-01,-0.0137793541691471
2021-12-02,0.015336632070353618
2021-12-03,-0.006777611029982231
2021-12-06,0.01408026959713126
2021-12-07,0.01996136126506787
2021-12-08,0.0077864913098531
2021-12-09,-0.013983833342042921
2021-12-10,0.008559152635628729
2021-12-13,-0.0038787523872422236
2021-12-14,-0.010299528291697842
2021-12-15,0.014111120263413674
2021-12-16,-0.006916911129702565
2021-12-17,-0.006488497315392936
2021-12-20,-0.008406080557302709
2021-12-21,0.018207188071691527
2021-12-22,0.011275545853711466
2021-12-23,0.004172029291364256
2021-12-27,0.014766628092180148
2021-12-28,-0.0001770515076604288
2021-12-29,0.0038245771932112213
2021-12-30,-0.0012559841446058138
2021-12-31,-0.001987442982281633
2022-01-03,0.0015013503714899328
2022-01-04,0.0018329877488466521
2022-01-05,-0.01869730699810703
2022-01-06,0.0024854842643543453
2022-01-07,-0.0036895913879518255
2022-01-10,-0.003307943765589432
2022-01-11,0.010512336514145813
2022-01-12,0.00392581552618729
2022-01-13,-0.010406749513982374
2022-01-14,0.0019363629958481553
2022-01-18,-0.008612245827732588
2022-01-19,-0.006617085620129429
2022-01-20,-0.009552839682922167
2022-01-21,-0.009128521224016847
2022-01-24,0.0016204806317797655
2022-01-25,-0.004443694226232602
2022-01-26,-0.0049174325772031666
2022-01-27,-0.005965458658755992
2022-01-28,0.02056520031298207
2022-01-31,0.013362928593217386
2022-02-01,0.0028386605888917134
2022-02-02,0.008752015515434872
2022-02-03,-0.013632084101589115
2022-02-04,0.002086421957535463
2022-02-07,-0.0015386885092976866
2022-02-08,-0.0004322077138680983
2022-02-09,0.016335159151392983
2022-02-10,-0.016306907787480403
2022-02-11,-0.0073468027672209096
2022-02-14,-0.002031135176762163
2022-02-15,0.005118353908277102
2022-02-16,0.0020992514901445186
2022-02-17,-0.010075056035952998
2022-02-18,-0.0037261144690197575
2022-02-22,-0.0010410738914163158
2022-02-23,-0.01003441195783228
2022-02-24,0.014181396233971074
2022-02-25,0.008985384326015169
2022-02-28,0.0009146602885141686
2022-03-01,0.007732722074414032
2022-03-02,0.019882392112128243
2022-03-03,0.004831979455900778
2022-03-04,0.013145864594420466
2022-03-07,-0.006733662751679732
2022-03-08,0.0041160953575985655
2022-03-09,-0.014144028198801784
2022-03-10,-0.0038932764745233323
2022-03-11,-0.0017297939200864587
2022-03-14,-0.014823155827883516
2022-03-15,-0.0006390304461902888
2022-03-16,0.008279852713743246
2022-03-17,0.02327748721243752
2022-03-18,0.00381588500988911
2022-03-21,0.010062898902031808
2022-03-22,0.0028753459083357535
2022-03-23,0.0015886682282594679
2022-03-24,0.004172814329797131
2022-03-25,0.007026781208968215
2022-03-28,-0.009881952203541555
2022-03-29,0.013546671799609037
2022-03-30,0.002384164931621514
2022-03-31,-0.013559646222894075
2022-04-01,0.007883550938040962
2022-04-04,0.007255117053296454
2022-04-05,-0.00826983523093526
2022-04-06,-0.0014051117157032897
2022-04-07,-8.174293225350366e-05
2022-04-08,0.004193185116640526
2022-04-11,-0.010019180107807875
2022-04-12,0.008316179735094938
2022-04-13,0.012548096679407763
2022-04-14,-0.002970581401017053
2022-04-18,0.0026729128105028917
2022-04-19,0.0017274888881686568
2022-04-20,0.0056588994299338995
2022-04-21,-0.007195914074118057
2022-04-22,-0.01996446717862066
2022-04-25,-0.003364295582853091
2022-04-26,-0.008924637570839326
2022-04-27,-0.0018775876808037242
2022-04-28,0.012178546627434419
2022-04-29,-0.019769602763406783
2022-05-02,-0.007627830617801374
2022-05-03,0.0007937583390764356
2022-05-04,0.018800739448133895
2022-05-05,-0.014281415585158448
2022-05-06,-0.003342648116651064
2022-05-09,-0.03432769013158258
2022-05-10,-0.009544885595593123
2022-05-11,0.007593109687897962
2022-05-12,-0.000946652671006327
2022-05-13,0.012003343934950212
2022-05-16,0.005488133689949003
2022-05-17,0.0009954071349623597
2022-05-18,-0.019075171951086392
2022-05-19,0.006274046714425033
2022-05-20,0.002593039712888096
2022-05-23,0.008999273956703155
2022-05-24,0.003813236300013902
2022-05-25,0.0037488367549660014
2022-05-26,0.00494904562874407
2022-05-27,0.01405438188730294
2022-05-31,-0.009310969452644199
2022-06-01,9.440856347677591e-05
2022-06-02,0.01643739366007688
2022-06-03,-0.005753262471471799
2022-06-06,-0.0007319864288247636
2022-06-07,0.009009291733727168
2022-06-08,-0.005550973893519681
2022-06-09,-0.009792038229410542
2022-06-10,-0.008340148639728524
2022-06-13,-0.029949393997583826
2022-06-14,-0.008333702427478055
2022-06-15,0.012653528386037467
2022-06-16,-0.006226370116914206
2022-06-17,-0.010692993685895175
2022-06-21,0.004623254756947098
2022-06-22,-0.00042511512955601804
2022-06-23,-0.0019213418261000382
2022-06-24,0.01185694580255654
2022-06-27,-0.0018307735804188297
2022-06-28,2.9525260697229943e-05
2022-06-29,-0.004344250232836023
2022-06-30,-0.010607412845821954
2022-07-01,0.006089018273497552
2022-07-05,-0.02580218147778013
2022-07-06,-0.01069908709562394
2022-07-07,0.013276517867308832
2022-07-08,0.0036293057758832134
2022-07-11,-0.002050474078989252
2022-07-12,-0.015568643265754219
2022-07-13,0.0030090870131602417
2022-07-14,-0.009125422666030874
2022-07-15,0.007541220948078066
2022-07-18,0.003790062629515394
2022-07-19,0.006160679035813907
2022-07-20,-0.00272714719773506
2022-07-21,0.0033303109566915137
2022-07-22,-0.0011090589053115907
2022-07-25,0.0041562863754948465
2022-07-26,-0.000938579904124939
2022-07-27,0.013761115969650772
2022-07-28,0.009675054652320703
2022-07-29,0.004368742298536861
2022-08-01,-0.004016031416270683
2022-08-02,-0.007929623597343614
2022-08-03,0.001066439327469909
2022-08-04,0.0026643075208129694
2022-08-05,-0.007590056741506873
2022-08-08,0.007902650735604868
2022-08-09,0.002688266233220144
2022-08-10,0.006976270063150606
2022-08-11,0.0034412873766564342
2022-08-12,0.005146954378579828
2022-08-15,-0.00610014315615131
2022-08-16,-0.004101762966085785
2022-08-17,-0.0034497284308318134
2022-08-18,0.004098083576931053
2022-08-19,-0.006447104108748698
2022-08-22,-0.004176563830379655
2022-08-23,0.0053434472139768
2022-08-24,0.004077184972590443
2022-08-25,0.0007141240096424483
2022-08-26,-0.013133295468960719
2022-08-29,0.0019151915701273096
2022-08-30,-0.014515393393985956
2022-08-31,-0.011270120983331102
2022-09-01,-0.008688782265627427
2022-09-02,0.001549311252393336
2022-09-06,-0.005117184267771455
2022-09-07,0.0022809175933492967
2022-09-08,0.0011142015465509369
2022-09-09,0.014956814729409513
2022-09-12,0.00891627506602161
2022-09-13,-0.019738800259422488
2022-09-14,0.0008392758507328871
2022-09-15,-0.018558522381286555
2022-09-16,-0.0015367425946911488
2022-09-19,0.0031482264453061228
2022-09-20,-0.006742776389238537
2022-09-21,-0.0056993033437843805
2022-09-22,-0.0033543373761031376
2022-09-23,-0.0205284483699021
2022-09-26,-0.01563605420753769
2022-09-27,0.001960727217712701
2022-09-28,0.023015181969899167
2022-09-29,-0.0071032864579374765
2022-09-30,-0.0073810802390564464
2022-10-03,0.021802151384945012
2022-10-04,0.019165448335732693
2022-10-05,0.0013942497804934686
2022-10-06,-0.0016512019167497587
2022-10-07,-0.006826792445506436
2022-10-10,-0.010620918713722963
2022-10-11,-0.00574477312917761
2022-10-12,0.0015624181841035996
2022-10-13,0.006674280640636411
2022-10-14,-0.015465928613226093
2022-10-17,0.005634684858911993
2022-10-18,0.0003285049403019847
2022-10-19,-0.007631566656060036
2022-10-20,-0.0034103299857216143
2022-10-21,0.011143809250006291
2022-10-24,0.0021348530389208656
2022-10-25,0.00807384126994746
2022-10-26,0.008304414593510192
2022-10-27,0.0015942948822445526
2022-10-28,-0.0057417034053380035
2022-10-31,-0.006665316758988262
2022-11-01,0.00710753034313984
2022-11-02,-0.002405186492895959
2022-11-03,-0.00371280443828226
2022-11-04,0.020159079488689346
2022-11-07,-0.0038878966001860715
2022-11-08,0.005824150308970215
2022-11-09,-0.009456081467554172
2022-11-10,0.024073955123033397
2022-11-11,0.008054426157606369
2022-11-14,-0.005387763922491707
2022-11-15,0.007627187658267518
2022-11-16,-0.0025810085686982925
2022-11-17,-0.009530555048645398
2022-11-18,-0.00480249355902264
2022-11-21,-0.0033008998958216815
2022-11-22,0.006526705427216853
2022-11-23,-3.11038424953911e-05
2022-11-25,-0.0024995825399797534
2022-11-28,-0.005660615327451636
2022-11-29,0.0039451790947599985
2022-11-30,0.01642142987362317
2022-12-01,0.00718854618170093
2022-12-02,-0.003736795282921287
2022-12-05,-0.01775874128062583
2022-12-06,-0.0035648498462059583
2022-12-07,0.0036698932349451363
2022-12-08,-0.0011600377150227299
2022-12-09,-0.0015286633005726646
2022-12-12,0.0017952125252599666
2022-12-13,0.013545953294030723
2022-12-14,0.0017712513668454483
2022-12-15,-0.010403585282748326
2022-12-16,-0.0031271255243410494
2022-12-19,-0.004689403798428858
2022-12-20,0.004314286847309796
2022-12-21,0.005231308672906035
2022-12-22,-0.008957801495364586
2022-12-23,0.005598271208785488
2022-12-27,0.003127039978123137
2022-12-28,-0.006748006615223698
2022-12-29,0.004654720250884747
2022-12-30,0.001668271409238283
2023-01-03,-0.0014095775326939393
2023-01-04,0.0012419615211426613
2023-01-05,-0.006919245403122706
2023-01-06,0.014033422211320253
2023-01-09,0.005461094379441631
2023-01-10,-0.00024272807598459448
2023-01-11,0.00790402139272391
2023-01-12,0.010243059067114126
2023-01-13,0.0057484938451717316
2023-01-17,-0.00036552409640073857
2023-01-18,-0.0008470493522444996
2023-01-19,0.007081511466335238
2023-01-20,0.00011613573241697905
2023-01-23,0.0009235653829045073
2023-01-24,0.0008300230517590517
2023-01-25,0.0016813891873939842
2023-01-26,-0.002274959529001257
2023-01-27,-0.00448371431458438
2023-01-30,-0.006704963447023481
2023-01-31,0.008441476435374169
2023-02-01,0.001415781129799139
2023-02-02,-0.008840287720861479
2023-02-03,-0.018984150941192997
2023-02-06,-0.002328242343238418
2023-02-07,0.007676027585816789
2023-02-08,0.0004232657709820218
2023-02-09,-0.00497839621966482
2023-02-10,0.0030062283202959084
2023-02-13,0.0006897505631704001
2023-02-14,0.0009590783402838539
2023-02-15,-0.007752330128658217
2023-02-16,-0.002835901464260646
2023-02-17,-0.0002932813326188602
2023-02-21,-0.005122676191302959
2023-02-22,-0.006666408936974641
2023-02-23,0.003994944934526632
2023-02-24,-0.008189102629016138
2023-02-27,0.004811081291022067
2023-02-28,5.4043502366991916e-05
2023-03-01,0.007840598617607145
2023-03-02,-0.0007267691127493201
2023-03-03,0.013388136355885162
2023-03-06,-0.0038472919404815256
2023-03-07,-0.016889954185017677
2023-03-08,-0.00010860779096884202
2023-03-09,-0.0030597093567403806
2023-03-10,0.0072780051441627735
2023-03-13,0.0037146101128966128
2023-03-14,-0.0016850651743426672
2023-03-15,-0.013135437235342771
2023-03-16,0.0061297119924328914
2023-03-17,0.004679901983817398
2023-03-20,0.006020877248313501
2023-03-21,-0.0002614089912169216
2023-03-22,0.005218221365787729
2023-03-23,0.0034976206856179096
2023-03-24,-0.0026167833861953003
2023-03-27,0.004890791372286409
2023-03-28,0.003884731305976003
2023-03-29,0.0015636822217743411
2023-03-30,0.00608830537696128
2023-03-31,0.0027757355205555163
2023-04-03,0.0064348686739456986
2023-04-04,0.007772270005957369
2023-04-05,-2.1660827001258635e-05
2023-04-06,-0.0011107275199100457
2023-04-10,-0.006120446410375626
2023-04-11,0.0024978295667476545
2023-04-12,0.0034534121386879573
2023-04-13,0.006306824268652987
2023-04-14,-0.008288177632738982
2023-04-17,-0.004726187767437557
2023-04-18,0.003474899297776434
2023-04-19,-0.0036344875234835196
2023-04-20,0.0035634267423678575
2023-04-21,-0.0024229235823825974
2023-04-24,0.0037143232612269783
2023-04-25,0.0020251016598025855
2023-04-26,-0.003699945906771065
2023-04-27,0.00032008102531459645
2023-04-28,0.0029808379626427794
2023-05-01,-0.006940393123390889
2023-05-02,0.007880713800424814
2023-05-03,0.005449731704250277
2023-05-04,0.0011586533275296563
2023-05-05,-0.002296450260987271
2023-05-08,-0.0021050171496342493
2023-05-09,0.0005075199946181002
2023-05-10,0.0019925063883224074
2023-05-11,-0.001809855238635991
2023-05-12,-0.0034587719208913808
2023-05-15,0.0017404034936960428
2023-05-16,-0.008067707772617283
2023-05-17,-0.0006210450855893872
2023-05-18,-0.006617366053274447
2023-05-19,0.003476747123059032
2023-05-22,-0.0012116298271859264
2023-05-23,-0.003338137594659577
2023-05-24,-0.00796240486331908
2023-05-25,-0.005513342194443119
2023-05-26,0.005120702793975296
2023-05-30,0.002038671971112213
2023-05-31,-0.003129443559208383
2023-06-01,0.009849170140473212
2023-06-02,-0.0003285069555304952
2023-06-05,0.0005792946867070876
2023-06-06,0.0023731026514132413
2023-06-07,-0.011970926284618912
2023-06-08,0.011303780291318026
2023-06-09,-0.0006355512185546079
2023-06-12,0.0061104727088406524
2023-06-13,0.0012345471379082594
2023-06-14,0.0034565295500203676
2023-06-15,0.009466894845073742
2023-06-16,-0.0035618562847029894
2023-06-20,-0.006232328475373541
2023-06-21,-0.004009289930973534
2023-06-22,-0.0018294953013720109
2023-06-23,-0.005219655658696739
2023-06-26,-0.0028002718730130633
2023-06-27,0.005319042343523275
2023-06-28,0.0007030191231504347
2023-06-29,-0.00055525489883404
2023-06-30,0.011892105213133589
2023-07-03,0.0008292592167825685
2023-07-05,-0.0044118268718339295
2023-07-06,-0.009535146759246452
2023-07-07,0.0024789116968304535
2023-07-10,0.001569217817512876
2023-07-11,0.006148194493147164
2023-07-12,0.013956207660525886
2023-07-13,0.01146627546564223
2023-07-14,-0.0025778332951294203
2023-07-17,0.0032132083148043865
2023-07-18,0.008272066179918864
2023-07-19,0.0002005876883274008
2023-07-20,-0.010756850203459196
2023-07-21,-0.0009704821410117591
2023-07-24,-0.00040578665751504143
2023-07-25,0.004080415716920774
2023-07-26,0.0009245779534319566
2023-07-27,-0.006071466941852775
2023-07-28,0.011130255163332648
2023-07-31,0.0012357611637262762
2023-08-01,-0.007838396477743937
2023-08-02,-0.01499359682308051
2023-08-03,-0.001699132053436315
2023-08-04,6.315491018468679e-05
2023-08-07,0.005266263028699802
2023-08-08,-0.006701766194756811
2023-08-09,-0.005477318586689518
2023-08-10,0.0015558567021247943
2023-08-11,-0.003995285998847249
2023-08-14,0.0016756462816359323
2023-08-15,-0.008862895570911326
2023-08-16,-0.008096722569465297
2023-08-17,-0.006632764823139225
2023-08-18,-0.00027699616240143074
2023-08-21,0.007422177000009583
2023-08-22,-0.0007610114768853626
2023-08-23,0.0121523038546848
2023-08-24,-0.011980340473773233
2023-08-25,0.004663600205427413
2023-08-28,0.006914778756178718
2023-08-29,0.014647751593764425
2023-08-30,0.0026684252645960177
2023-08-31,-0.0009156563620535533
2023-09-01,-0.00014877362373684526
2023-09-05,-0.005101004656315627
2023-09-06,-0.005309806555732311
2023-09-07,-0.003107756536490406
2023-09-08,0.00024544072118875155
2023-09-11,0.007859652754758917
2023-09-12,-0.00664535679822092
2023-09-13,-0.00036554001496935017
2023-09-14,0.007419178544353153
2023-09-15,-0.005031580656606319
2023-09-18,0.001086980110802666
2023-09-19,-0.0008780063703913353
2023-09-20,-0.00574124024853128
2023-09-21,-0.01430917783897157
2023-09-22,0.0010352001515282322
2023-09-25,-0.001030247120637586
2023-09-26,-0.012251174684757705
2023-09-27,-0.0035349150265710453
2023-09-28,0.004040666136758575
2023-09-29,-0.003975545581339084
2023-10-02,-0.005082035979123353
2023-10-03,-0.01122496679835376
2023-10-04,0.005312120373127522
2023-10-05,0.0011632531908173332
2023-10-06,0.011079910152863595
2023-10-09,0.007248002439087205
2023-10-10,0.005800085035380953
2023-10-11,0.005995444552471692
2023-10-12,-0.005065164266273321
2023-10-13,0.0025955726649836215
2023-10-16,0.005176638850302059
2023-10-17,-0.0002569132297935963
2023-10-18,-0.0061462722994400105
2023-10-19,-0.0026595321857027917
2023-10-20,-0.007564647597226806
2023-10-23,-5.590837976388152e-05
2023-10-24,0.005350783292701731
2023-10-25,-0.009664567453449565
2023-10-26,-0.008608816666543341
2023-10-27,0.003567478440914733
2023-10-30,0.006710438729659124
2023-10-31,0.0015055402356035138
2023-11-01,0.008152595808683922
2023-11-02,0.0144884434356744
2023-11-03,0.008705862992560322
2023-11-06,-0.0023913352671231223
2023-11-07,5.897662314094432e-05
2023-11-08,-0.003115761583098994
2023-11-09,-0.00193729253782963
2023-11-10,0.006384105667925451
2023-11-13,0.0014218459870289628
2023-11-14,0.01873837335103723
2023-11-15,-0.0008176672298533701
2023-11-16,0.003553394103566806
2023-11-17,0.00422433063640877
2023-11-20,0.005059501118084558
2023-11-21,0.00011390098290219971
2023-11-22,0.001045225734148686
2023-11-24,0.003490310643504469
2023-11-27,0.0005457909194318923
2023-11-28,0.00511055221102179
2023-11-29,0.0001480095341149966
2023-11-30,-0.0009062158729130092
2023-12-01,0.008862175696732187
2023-12-04,-0.0116228806789666
2023-12-05,-0.0007977337691420983
2023-12-06,-0.0015339100450778276
2023-12-07,0.007458191836887715
2023-12-08,-0.0010737383207326955
2023-12-11,0.000662792590410952
2023-12-12,0.0037732955147215725
2023-12-13,0.016177820350611223
2023-12-14,0.0031996161613323006
2023-12-15,-0.0027662308191405403
2023-12-18,0.005182920115207233
2023-12-19,0.0062467789524412705
2023-12-20,-0.011258071668169417
2023-12-21,0.01007605239162942
2023-12-22,0.0024757616188321673
2023-12-26,0.005844504656260599
2023-12-27,0.003047304633200512
2023-12-28,-0.002042165864953304
2023-12-29,-0.002530513935713296
2024-01-02,-0.00857656338001422
2024-01-03,-0.008877060174369398
2024-01-04,-0.001979022508481509
2024-01-05,0.0008816988613702199
2024-01-08,0.009203465761210797
2024-01-09,-0.0006605006462701361
2024-01-10,0.003689620356671837
2024-01-11,0.0010706778431261365
2024-01-12,0.003714548131155482
2024-01-16,-0.005655511274677746
2024-01-17,-0.007613046699100175
2024-01-18,0.010285038858784621
2024-01-19,0.010816265873526732
2024-01-22,0.0002037768339254109
2024-01-23,0.003006361746852996
2024-01-24,0.0002759493820135165
2024-01-25,0.0034708312747540482
2024-01-26,-0.0019351527671729641
2024-01-29,0.008151817927683781
2024-01-30,-0.0020984208178298036
2024-01-31,-0.011737793320355348
2024-02-01,0.011535867092007643
2024-02-02,0.004685950200523657
2024-02-05,-0.00365972192842858
2024-02-06,0.0025034342661178427
2024-02-07,0.00544159717338146
2024-02-08,0.00019836995136783596
2024-02-09,0.004280325016942698
2024-02-12,-0.0016741439467486637
2024-02-13,-0.01457422648322025
2024-02-14,0.007591503486226644
2024-02-15,0.006368754806145894
2024-02-16,-0.003073775945806488
2024-02-20,-0.0018004066463291027
2024-02-21,-0.0007933334784521098
2024-02-22,0.016848929350168074
2024-02-23,0.0009049547614231125
2024-02-26,-0.0020219438695636993
2024-02-27,0.0014429240447943548
2024-02-28,-0.0024571906671252636
2024-02-29,0.005453957673113855
2024-03-01,0.013977633207288509
2024-03-04,0.003203968479719886
2024-03-05,-0.006757055546556723
2024-03-06,0.00705455990980534
2024-03-07,0.010420052243690095
2024-03-08,-0.003922408272951505
2024-03-11,-0.0013890829703839195
2024-03-12,0.005044999596414429
2024-03-13,-0.0006612589930670928
2024-03-14,-0.003332122119585004
2024-03-15,-0.00654627559607314
2024-03-18,0.005099534996978034
2024-03-19,0.0022471186551929266
2024-03-20,0.010968518952510808
2024-03-21,0.002049377102783119
2024-03-22,-0.002844940245535001
2024-03-25,-0.001172699975341057
2024-03-26,-0.00044201359140826714
2024-03-27,0.006318504451176934
2024-03-28,0.0030348381668728547
2024-04-01,-0.00014325742034625234
2024-04-02,-0.0051319089067893295
2024-04-03,0.003551821513678447
2024-04-04,-0.01139180003910877
2024-04-05,0.00933341024780985
2024-04-08,0.002360756902146245
2024-04-09,0.001968777314174207
2024-04-10,-0.010538635473317586
2024-04-11,0.009802530995039877
2024-04-12,-0.015100358473350535
2024-04-15,-0.00771506072556683
2024-04-16,-0.003357813396356159
2024-04-17,-0.005975963346758108
2024-04-18,-0.0028134072368657535
2024-04-19,-0.008393750591231436
2024-04-22,0.006817111873892615
2024-04-23,0.011063252360351212
2024-04-24,0.00010983473441693813
2024-04-25,-0.0033822247884426598
2024-04-26,0.010200830976088504
2024-04-29,0.003231883736280132
2024-04-30,-0.01772403509476084
2024-05-01,-0.00030606746592522183
2024-05-02,0.008148490934456812
2024-05-03,0.01038747209835773
2024-05-06,0.009356189962520686
2024-05-07,-0.0017131365587026695
2024-05-08,-0.0011230248767222046
2024-05-09,0.007510098463225415
2024-05-10,0.003735235568845723
2024-05-13,-0.0018458334977682685
2024-05-14,0.006347036485758337
2024-05-15,0.013118788222184579
2024-05-16,-0.0020117133850118965
2024-05-17,0.005952546086636532
2024-05-20,0.0034218683062395504
2024-05-21,0.00030127040422298117
2024-05-22,-0.0067270567267594585
2024-05-23,-0.010290037937664689
2024-05-24,0.005417782960057124
2024-05-28,0.004225439126200123
2024-05-29,-0.00825416212999674
2024-05-30,-0.004323497202497032
2024-05-31,0.0004389232011904212
2024-06-03,0.005182992476687722
2024-06-04,-0.002402928252963038
2024-06-05,0.01416922789350967
2024-06-06,0.002511638460637223
2024-06-07,-0.012285623162116283
2024-06-10,0.005128083476360076
2024-06-11,0.0029696769468066466
2024-06-12,0.00816683496946826
2024-06-13,-0.0009648735801151341
2024-06-14,0.005231847307938942
2024-06-17,0.004980941575914528
2024-06-18,0.0026597288219478376
2024-06-20,0.0005556759586002491
2024-06-21,-0.006368558811438051
2024-06-24,-0.0028537213303055234
2024-06-25,0.003061502203462902
2024-06-26,-0.002272206586189232
2024-06-27,0.004661898288822868
2024-06-28,-0.002524178751221357
2024-07-01,0.0033370407112036132
2024-07-02,0.00539707190376271
2024-07-03,0.008365926443647623
2024-07-05,0.009570200807541266
2024-07-08,-0.0031603613581745404
2024-07-09,0.0006582278501453315
2024-07-10,0.008605755795540718
2024-07-11,-0.0035600586325502913
2024-07-12,0.00453199641810177
2024-07-15,0.0017169118587958849
2024-07-16,0.00835403116725752
2024-07-17,-0.014934979789982789
2024-07-18,-0.006629455506683481
2024-07-19,-0.010644956934309278
2024-07-22,0.008713238951449459
2024-07-23,-0.0010328986740260333
2024-07-24,-0.019874876857111878
2024-07-25,-0.010198464563816309
2024-07-26,0.010872433309671999
2024-07-29,-8.335669942778536e-05
2024-07-30,-0.002416060220607067
2024-07-31,0.020601189877431248
2024-08-01,-0.015198242066079195
2024-08-02,-0.014849632900602554
2024-08-05,-0.02367136724786687
2024-08-06,0.0034047326763606434
2024-08-07,-0.004980845554414956
2024-08-08,0.02249414287160439
2024-08-09,0.0040153892066943035
2024-08-12,0.00585660380541088
2024-08-13,0.013638162920278417
2024-08-14,-0.0010342076712525352
2024-08-15,0.014878904913080922
2024-08-16,0.008325440745374944
2024-08-19,0.00753774141172554
2024-08-20,-0.00032385054997460724
2024-08-21,0.0029553559133802345
2024-08-22,-0.011290248455993345
2024-08-23,0.011739306688673288
2024-08-26,-0.003117609496828317
2024-08-27,0.0025811006673726383
2024-08-28,-0.007604054999754349
2024-08-29,0.0008342499004199576
2024-08-30,0.005267643231287807
2024-09-03,-0.01663163486563176
2024-09-04,-0.0009272454391641424
2024-09-05,0.0017250220464573266
2024-09-06,-0.015400732685329
2024-09-09,0.009594915762837374
2024-09-10,0.006848228233670687
2024-09-11,0.008920015351956271
2024-09-12,0.011163826296953845
2024-09-13,0.006938720202227947
2024-09-16,-0.0005728603117451385
2024-09-17,-0.0020753819900101193
2024-09-18,-0.004623813369909281
2024-09-19,0.017387125643564205
2024-09-20,0.002326397094752162
2024-09-23,0.0031189389023338005
2024-09-24,0.0066379278355666
2024-09-25,-0.0014654011337861938
2024-09-26,0.0040634833178115745
2024-09-27,-0.004355499687946258
2024-09-30,0.0005334638910665515
2024-10-01,-0.004265458580927101
2024-10-02,0.00012752749506746857
2024-10-03,-0.0021357657516054545
2024-10-04,0.004749219584371422
2024-10-07,-0.0078117879257987135
2024-10-08,0.005042413302125274
2024-10-09,0.0027145837143493484
2024-10-10,0.0002127942313801237
2024-10-11,0.006862093698647659
2024-10-14,0.005011787004639443
2024-10-15,-0.003422926170023985
2024-10-16,0.0041734690129768305
2024-10-17,0.0009770940442588032
2024-10-18,0.007156755475582962
2024-10-21,-0.0025365165465252707
2024-10-22,0.003609340251600916
2024-10-23,-0.009659397656566246
2024-10-24,0.005584388983644728
2024-10-25,0.0010777459009659006
2024-10-28,0.0013138985645783708
2024-10-29,0.0031086537598312473
2024-10-30,0.0009186815334667673
2024-10-31,-0.018400752294506592
2024-11-01,-0.0019353384928142746
2024-11-04,0.00232312980467139
2024-11-05,0.009546396597023957
2024-11-06,-0.0037406793281404365
2024-11-07,0.012438825216152931
2024-11-08,0.0034132637087395026
2024-11-11,-0.00817112183926676
2024-11-12,-0.007460025838276762
2024-11-13,-0.0015719510005774984
2024-11-14,-0.006035743148787317
2024-11-15,-0.007393431693457477
2024-11-18,0.009795037116935516
2024-11-19,0.0059988103424767
2024-11-20,0.0013769677725466395
2024-11-21,0.00656298653019401
2024-11-22,0.007025153257879074
2024-11-25,-0.0038884219097856517
2024-11-26,0.003928787013237165
2024-11-27,-0.0015870648670071653
2024-11-29,0.006294281204557739
2024-12-02,-0.0009448369090931371
2024-12-03,0.0009435169411609987
2024-12-04,0.005817677952226515
2024-12-05,-0.003774177736909369
2024-12-06,0.002946264725504374
2024-12-09,-0.00034533349495376766
2024-12-10,0.0002544988089012482
2024-12-11,0.009788086359684195
2024-12-12,-0.007913013298124189
2024-12-13,-0.0019527892111790828
2024-12-16,0.005505512536260232
2024-12-17,-0.004200678240127406
2024-12-18,-0.029781079431468283
2024-12-19,-0.0028363861368049404
2024-12-20,0.011250228992936016
2024-12-23,0.0035451570448444213
2024-12-24,0.008483399774025176
2024-12-26,0.002197958666796827
2024-12-27,-0.010125829425893186
2024-12-30,-0.009246767974629469
2024-12-31,-0.0019284770528343934
2025-01-02,0.0024799257826328604
2025-01-03,0.006802301641996843
2025-01-06,0.004783742865250845
2025-01-07,-0.0076889622594966895
2025-01-08,0.0014468815074189084
2025-01-10,-0.008161362965110238
2025-01-13,-0.004208533072155399
2025-01-14,0.002902823128197342
2025-01-15,0.015651821796611946
2025-01-16,-0.00065147093701417
2025-01-17,0.007312072169651818
2025-01-21,0.010087186663430246
2025-01-22,0.006972397902731911
2025-01-23,0.0022356420302847855
2025-01-24,-0.00016422973505779992
2025-01-27,-0.017714459412585773
2025-01-28,0.010178534779661455
2025-01-29,-0.002992353473450647
2025-01-30,0.008973043459232841
2025-01-31,-0.002171974309271693
2025-02-03,-0.003296848948208308
2025-02-04,0.009820743841121683
2025-02-05,0.004523267518965309
2025-02-06,0.002221117033356379
2025-02-07,-0.006056163592304102
2025-02-10,0.01145416153311062
2025-02-11,-0.0017561817047574077
2025-02-12,-0.00039197671074121956
2025-02-13,0.011105046907049112
2025-02-14,-0.002908473618359764
2025-02-18,0.0069994669061250485
2025-02-19,0.0007764394981665952
2025-02-20,-0.0014685191975695813
2025-02-21,-0.0120074919354333
2025-02-24,-0.004258425473295737
2025-02-25,-0.008908648221063402
2025-02-26,0.001902654121595273
2025-02-27,-0.018832850483261228
2025-02-28,0.006882858967831395
2025-03-03,-0.008419426741436295
2025-03-04,-0.004709640834884014
2025-03-05,0.008498217999341416
2025-03-06,-0.017300253283898316
2025-03-07,0.004369403607182071
2025-03-10,-0.01738198719586042
2025-03-11,-0.0027216985895801024
2025-03-12,0.0030955298744489925
2025-03-13,-0.006392855359389693
2025-03-14,0.014740478481075136
2025-03-17,0.009709490915346522
2025-03-18,-0.0030157620623881033
2025-03-19,0.0061993658869214235
2025-03-20,-0.0017877092687323345
2025-03-21,-0.005305852221292146
2025-03-24,0.01085067830082876
2025-03-25,-0.0007542233253679024
2025-03-26,-0.004498872963274227
2025-03-27,0.0018890985369067962
2025-03-28,-0.006851367624358794
2025-03-31,0.009094141771498292
2025-04-01,0.001192507582088758
2025-04-02,0.003302289181332952
2025-04-03,-0.022128944132987348
2025-04-04,-0.04242746397712759
2025-04-07,-0.0266477683179117
2025-04-08,-0.011943146849992493
2025-04-09,0.058575448842189015
2025-04-10,-0.007621262989881578
2025-04-11,0.01937223054979696
2025-04-14,0.008241148471927646
2025-04-15,0.0022976784033260874
2025-04-16,0.0036535005252443364
2025-04-17,0.005669110428462505
2025-04-21,0.0010747294692541312
2025-04-22,0.008759590895688252
2025-04-23,-0.002223832937819865
2025-04-24,0.011287376379901057
2025-04-25,-0.0040608615776748635
2025-04-28,0.00699077035931461
2025-04-29,0.0003731475848790845
2025-04-30,-0.000478805988376205
2025-05-01,-0.004720878764908747
2025-05-02,0.003905242421962633
2025-05-05,0.007288157030501069
2025-05-06,0.006133202851383768
2025-05-07,-0.0031212220761402095
2025-05-08,-0.008382040976625173
2025-05-09,0.004277390331631223
2025-05-12,-0.004812830079964649
2025-05-13,-0.0007960420413886849
2025-05-14,-0.009626992014079166
2025-05-15,0.012107839726029461
2025-05-16,0.00031436849397343354
2025-05-19,0.004165286109839182
2025-05-20,0.0034507930465721417
2025-05-21,-0.008576825359268766
2025-05-22,-0.002589817309546055
2025-05-23,0.00683545276728051
2025-05-27,0.0036564185979076113
2025-05-28,-0.002593105158187721
2025-05-29,0.00578444460371709
2025-05-30,-0.00119249458219313
2025-06-02,0.00844774538399798
2025-06-03,-0.0022846667583156805
2025-06-04,0.004644781779904691
2025-06-05,-0.003707389661212456
2025-06-06,-0.0015886025151768714
2025-06-09,0.002363924151439593
2025-06-10,0.004289161529538736
2025-06-11,-0.00015955293047378361
2025-06-12,0.006723699615071547
2025-06-13,-0.0027392680662624443
2025-06-16,-0.0014853810304938533
2025-06-17,-0.0028444325758527926
2025-06-18,-0.0004205125711287305
2025-06-20,-0.0015577254983171651
2025-06-23,0.008401343397232273
2025-06-24,0.00030618548763342214
2025-06-25,-0.00605405157089996
2025-06-26,0.0024003706093393977
2025-06-27,-0.0038694463940950642
2025-06-30,0.007418705674259188
2025-07-01,0.0028318552880910028
2025-07-02,0.003605196274432284
2025-07-03,-0.00047703388503063154
2025-07-07,-0.006822635354743306
2025-07-08,-0.00029645862741997994
2025-07-09,0.004308765077334791
2025-07-10,0.0012631894920863743
2025-07-11,-0.0007769009771690242
2025-07-14,-0.0003152013006530695
2025-07-15,-0.004210399838186182
2025-07-16,0.004669917472810085
2025-07-17,0.0018740171780898508
2025-07-18,-0.0001341608973861016
2025-07-21,0.007870403642307816
2025-07-22,0.005702099216241771
2025-07-23,0.006380860035029386
2025-07-24,-0.005363618597075872
2025-07-25,-0.0032827298479291413
2025-07-28,-0.009540548954793436
2025-07-29,0.0013815113925469565
2025-07-30,-0.010189796632942984
2025-07-31,-0.0034517945301194724
2025-08-01,0.0032122787202736396
2025-08-04,0.011588037552129995
2025-08-05,-0.0013425955603103684
2025-08-06,0.00522036619403134
2025-08-07,0.005666197807199901
2025-08-08,0.0031564411528870436
2025-08-11,-0.005752911098873305
2025-08-12,0.00799964709066308
2025-08-13,0.004804913063878939
2025-08-14,-0.005484670352846531
2025-08-15,-0.0004988343074435538
2025-08-18,0.0016683305508704016
2025-08-19,-0.008399644108254663
2025-08-20,0.0008729660890530972
2025-08-21,-0.003356795500585834
2025-08-22,0.014642042653476066
2025-08-25,-0.0032950486946699787
2025-08-26,0.0031666603008984368
2025-08-27,-0.0007309310783532462
2025-08-28,0.005564843355953343
2025-08-29,-0.002044785451817364
2025-09-02,0.0034301384182294586
2025-09-03,0.006067986385269667
2025-09-04,0.00094646754970843
2025-09-05,0.007591951667061607
2025-09-08,0.008069475348718049
2025-09-09,0.001543439887958485
2025-09-10,0.002831668461535543
2025-09-11,0.005871294599570463
2025-09-12,0.0013232202625628302
2025-09-15,0.008240379408582056
2025-09-16,0.0021052265617379296
2025-09-17,-0.0011549567458272994
2025-09-18,0.0005947936798487797
2025-09-19,0.0053192752878966415
2025-09-22,0.008275626478189581
2025-09-23,-0.0013666128526788315
2025-09-24,-0.004645202052185756
2025-09-25,-0.002228660320046564
2025-09-26,0.002978666437967494
2025-09-29,0.008804202918094233
2025-09-30,0.00509526142157781
2025-10-01,0.0041350946836685104
